센터명,시도,시군구,우편번호,주소1,주소2,위도,경도,대표전화번호,FAX번호,홈페이지
서울특별시청소년상담복지센터,서울특별시,중구,4543,서울특별시 중구 을지로11길 23 (수표동),", 7층",37.5674832,126.9905621,02-2285-1318,02-2285-1315,https://www.teen1318.or.kr/
서울종로구청소년상담복지센터,서울특별시,종로구,3076,서울특별시 종로구,명륜길 90 1층,37.5906267,126.9933744,02-762-1318,02-762-1319,http://www.jongno1318.or.kr/
서울용산구청소년상담복지센터,서울특별시,용산구,4316,서울특별시 용산구,백범로 329(원효로 1가) 꿈나무종합타운 4층,37.5386609,126.9655062,02-3273-5820,02-3273-5819,http://www.dodoit.or.kr/
서울성동구청소년상담복지센터,서울특별시,도봉구,4718,서울특별시 성동구,행당로6길 24-15,37.5531369,127.0283666,02-2299-1388,02-2296-1389,https://www.sdfac.or.kr/kor/tcwc/main.do
서울광진구청소년상담복지센터,서울특별시,광진구,5072,서울특별시 광진구,아차산로 24길 17 자양공공힐링센터 3층,37.5402911,127.0650733,02-2205-2300,02-2205-2662,https://www.gjus1318.or.kr/
서울동대문구청소년상담복지센터,서울특별시,동대문구,2586,서울특별시 동대문구,"천호대로2길 23-9, 신설동복지지원센터 2층",37.5738959,127.0246037,02-2236-1318,02-2237-1316,https://www.ddm1318.or.kr/
서울중랑구청소년상담복지센터,서울특별시,중랑구,2254,서울특별시 중랑구,용마산로 217 청소년수련관 3층,37.5732443,127.085825,02-490-0222,02-496-1894,http://www.jn1318.or.kr/
서울성북구청소년상담복지센터,서울특별시,성북구,2814,서울특별시 성북구,정릉로 242 성북아동청소년센터 4층,37.6047149,127.0107851,02-3292-1779,02-3292-1784,http://www.sb1318.or.kr/
서울성북구석관청소년상담복지센터,서울특별시,성북구,2784,서울특별시 성북구,돌곶이로 18길 3-9(석관동),37.6092868,127.0592304,02-963-1318,02-963-1319,http://www.sb1318.or.kr/
서울강북구청소년상담복지센터,서울특별시,강북구,1012,서울특별시 강북구,4.19로 74 강북청소년수련관 3층,37.6459079,127.0062577,02-6715-6660,02-6715-6668,http://www.gb1318.or.kr
서울도봉구청소년상담복지센터,서울특별시,도봉구,1412,서울특별시 도봉구,노해로 69길 132 문화체육센터 1층,37.6582713,127.0506149,02-6956-4508,02-6956-4512,http://www.db1318.or.kr/
서울노원구청소년상담복지센터,서울특별시,노원구,1616,서울특별시 노원구,수락산로212-19 2층,37.6714367,127.0548212,02-2091-1388,050-2209-1313,http://www.nowonyouthcenter.org/
서울은평구청소년상담복지센터,서울특별시,은평구,3476,서울특별시 은평구,백련산로 4길 16 은평청소년수련관,37.5942391,126.9248841,02-384-1318,02-383-0508,http://www.ep1318.or.kr/
서울서대문구청소년상담복지센터,서울특별시,서대문구,3676,서울특별시 서대문구,증가로30길 45-9 휴먼센터 3~4층,37.5847065,126.9137128,02-3141-1318,02-334-0339,http://www.sdm7979.or.kr/
서울마포구청소년상담복지센터,서울특별시,마포구,4016,서울특별시 마포구,희우정로 77 마포한강아이파크 상가동,37.5525936,126.9031347,02-6376-9900,02-6376-9914,http://www.mapo1388.or.kr/
서울양천구청소년상담복지센터,서울특별시,양천구,8067,서울특별시 양천구,"남부순환로83길 53, 신월6동 행정복합타운 2층",37.5179767,126.8451747,02-2646-8341,02-2646-8342,http://yangcheon1388.or.kr/
서울강서구청소년상담복지센터,서울특별시,강서구,7718,서울특별시 강서구,화곡로 18길 14-5,37.5394554,126.8355144,02-2649-1318,02-2649-0331,http://www.gs1318.or.kr/
서울구로구청소년상담복지센터,서울특별시,구로구,8365,서울특별시 구로구,오리로 1115 천왕동청소년문화의집 2층,37.4844924,126.8399322,02-2060-1388,02-851-1319,https://www.guro1388.or.kr/
서울금천구청소년상담복지센터,서울특별시,금천구,8569,서울특별시 금천구 독산로32다길 17 (시흥동),서울시립금천청소년센터,37.4592044,126.9065605,02-803-1873,02-804-1387,http://www.gc1388.or.kr/
서울영등포구청소년상담복지센터,서울특별시,영등포구,7369,서울특별시 영등포구 도영로22길 36 (영등포동),2층,37.5101591,126.9032904,02-2676-6114,02-2636-2071,http://www.young1318.com/
서울동작구청소년상담복지센터,서울특별시,동작구,7062,서울특별시 동작구,여의대방로 20길 61 시립보라매청소년센터 슬기동 2층,37.4936597,126.9214376,02-834-1355,02-831-0365,http://djyc1388.or.kr/
서울관악구청소년상담복지센터,서울특별시,관악구,8790,서울특별시 관악구,남부순환로 234길 73 싱글벙글교육센터 벙글동 4층,37.47613,126.956833,02-871-7942,02-877-0025,http://go1318.or.kr/
서울서초구청소년상담복지센터,서울특별시,서초구,6703,서울특별시 서초구,"방배로5길 11, 2층",37.478305,126.9990658,02-525-9128,02-522-9128,http://seocho1318.com/
서울강남구청소년상담복지센터,서울특별시,강남구,6362,서울특별시 강남구,광평로 144 (수서동 749) 2층,37.4832555,127.0893646,02-222-68555,02-2226-1387,https://www.gangnam.go.kr/office/gnyc/main.do
서울송파구청소년상담복지센터,서울특별시,송파구,5834,서울특별시 송파구,중대로 4길 4 송파구청소년센터 3층,37.4895602,127.1106174,02-407-7179,02-449-1388,http://www.sp1318.or.kr/
서울강동구청소년상담복지센터,서울특별시,강동구,5211,서울특별시 강동구,아리수로93길 47 서울시립강동청소년수련관 2층,37.5665524,127.1732064,02-6252-1388,02-6252-1389,http://gangdong1388.or.kr/
부산광역시청소년상담복지센터,부산광역시,부산진구,47247,부산광역시 부산진구 서전로 43 (전포동),", 6층",35.1580831,129.0646224,051-804-5001,051-804-5056,http://www.cando.or.kr/
부산중구청소년상담복지센터,부산광역시,중구,48954,부산광역시 중구,남포길 39-2 3층,35.0982207,129.0332472,051-245-1388,051-241-1388,http://www.junggu1388.or.kr/
부산서구청소년상담복지센터,부산광역시,서구,49206,부산광역시 서구,시약로 125 1층,35.1207593,129.0096104,051-714-0701,070-8260-9966,http://flyseogu1388.or.kr/
부산동구청소년상담복지센터,부산광역시,동구,48723,부산광역시 동구,범곡로 9 비전센터 3층,35.1388752,129.0557304,051-632-1388,051-632-1389,http://bsdg1388.kr/
부산영도구청소년상담복지센터,부산광역시,영도구,49113,부산광역시 영도구,절영로 321 함지골청소년수련관 1층,35.0745388,129.0541464,051-405-5224,051-404-5224,http://www.busanyouth.or.kr/
부산진구청소년상담복지센터,부산광역시,부산진구,47209,부산광역시 부산진구,"동평로 405번길 85, 양정청소년수련관 2층",35.1773055,129.0717143,051-868-0950,0303-0951-1388,http://www.bsjin1388.or.kr
부산동래구청소년상담복지센터,부산광역시,동래구,47710,부산광역시 동래구,"중앙대로 1523 SK허브스카이 A3동 05호, 06호 3층",35.2212937,129.0855784,051-555-1388,070-8610-1226,http://www.1388youth.kr/
부산남구청소년상담복지센터,부산광역시,남구,48494,부산광역시 남구,유엔평화로 24 5층,35.1329074,129.0917635,051-621-4831,051-621-4841,http://www.namgu1388.kr/
부산북구청소년상담복지센터,부산광역시,북구,46579,부산광역시 북구,덕천로3(구포1동 610-1),35.2072495,129.0053539,051-334-3000,051-309-4118,http://www.bsbukgu.go.kr/youth
부산해운대구청소년상담복지센터,부산광역시,해운대구,48051,부산광역시 해운대구,재반로 151-21 해운대청소년수련관 4층,35.1922357,129.1270811,051-715-1388,051-715-1389,http://www.u-dream.or.kr/
부산사하구청소년상담복지센터,부산광역시,사하구,49412,부산광역시 사하구,동매로 161,35.1014487,128.9756509,051-207-7179,051-207-7199,http://saha1388.kr/
부산금정구청소년상담복지센터,부산광역시,금정구,46267,부산광역시 금정구,기찰로 96번길 47 2층,35.2379722,129.0950254,051-581-2072,070-4369-6611,https://www.gjyouth1388.or.kr/
부산연제구청소년상담복지센터,부산광역시,연제구,47525,부산광역시 연제구,월드컵대로 243번길 19 거제동원타워상가 503호,35.1890711,129.0697472,051-506-1388,050-4926-0238,https://www.yeonje1388.or.kr/
부산수영구청소년상담복지센터,부산광역시,수영구,48264,부산광역시 수영구 수영로521번길 77 (광안동),3층,35.1528264,129.1075257,051-759-8411,051-759-8412,http://www.meetyou.kr/
부산사상구청소년상담복지센터,부산광역시,사상구,46927,부산광역시 사상구,백양대로 952 사상아동보건센터 3층,35.1911022,128.9923628,051-327-0808,051-327-0809,http://sasang1388.kr/
부산기장군청소년상담복지센터,부산광역시,기장군,46069,부산광역시 기장군,기장읍 차성서로 86 대라다목적도서관 4층,35.2408341,129.2105895,051-792-4932,051-723-4255,http://gijangcmc.or.kr/1388/main/main.asp
대구광역시청소년상담복지센터,대구광역시,중구,41934,대구광역시 중구 중앙대로81길 66-5 (종로1가),", 대구청소년지원재단 3층",35.869932,128.5901125,053-659-6240,053-659-6249,https://1388.daeguyouth.net/html/main.html
대구중구청소년상담복지센터,대구광역시,중구,41919,대구광역시 중구,국채보상로 541 8층,35.8706454,128.5898014,053-423-1388,053-423-1389,http://www.ymca1388.or.kr/
대구동구청소년상담복지센터,대구광역시,동구,41155,대구광역시 동구,"화랑로 439, 3층(세정빌딩)",35.8764303,128.6721772,053-984-1318,053-984-1316,http://www.dg1388.or.kr
대구서구청소년상담복지센터,대구광역시,서구,41770,대구광역시 서구,서대구로222 3층,35.8777368,128.5552048,053-216-8310,053-289-3410,http://www.seoguc8310.or.kr/
대구남구청소년상담복지센터,대구광역시,남구,42410,대구광역시 남구,중앙대로 49길 25 2층,35.8552775,128.5890403,053-624-1388,053-624-1318,http://www.dng1388.or.kr/html/main.html
대구북구청소년상담복지센터,대구광역시,북구,41439,대구광역시 북구,칠곡중앙대로561 읍내동행정복지센터 3층,35.945897,128.5506015,053-324-1388,053-324-2388,http://www.teen1388.or.kr/main/index.html
대구수성구청소년상담복지센터,대구광역시,수성구,42027,대구광역시 수성구,달구벌대로 2451 범어도서관 5층,35.859376,128.6307058,053-759-1388,053-666-4249,http://ss1388.suseong.kr
대구달서구청소년상담복지센터,대구광역시,달서구,42726,대구광역시 달서구,학산로 7길 39 (월성동),35.8325393,128.5304235,053-638-1388,053-638-1390,http://dalbi1388.or.kr/
대구달성군청소년상담복지센터,대구광역시,달성군,43017,대구광역시 달성군 현풍읍 테크노중앙대로 231,3층,35.6969263,128.4551735,053-614-1388,053-614-1387,http://www.ds1388.or.kr/ds1388/
인천광역시청소년상담복지센터,인천광역시,동구,22573,인천광역시 동구 박문로 1 (송림동),", 인천교구 가톨릭청소년센터 1층",37.4712782,126.6514891,032-721-2300,032-721-2320,https://www.inyouth.or.kr/
인천중구청소년상담복지센터,인천광역시,중구,22408,인천광역시 중구,송산로 52(중구청소년수련관 1층),37.4779629,126.5441003,032-747-1318,070-7500-2328,http://www.junggu1388.kr/
인천중구동인천청소년상담복지센터,인천광역시,중구,22309,인천광역시 중구,참외전로 72번길 25 동인천동행정복지센터 3층,37.4770729,126.6289759,032-773-1318,032-773-1389,http://www.junggu1388.kr/
인천동구청소년상담복지센터,인천광역시,동구,22556,인천광역시 동구 송림로 80 (송림동),4층,37.4752803,126.6437627,032-777-1389,032-766-1387,www.dream1388.or.kr
인천미추홀구청소년상담복지센터,인천광역시,미추홀구,22136,인천광역시 미추홀구,주안로82(주안1동 232-3) 청소년미디어센터 5층,37.4638682,126.6787251,032-728-6835,032-728-6849,https://michu1388.michuhol.go.kr/
인천연수구청소년상담복지센터,인천광역시,연수구,21903,인천광역시 연수구 비류대로 235 (청학동),2층,37.4303272,126.6720445,032-819-7308,032-818-1760,https://www.ysyouth.or.kr/
인천남동구청소년상담복지센터,인천광역시,남동구,21589,인천광역시 남동구,소래로 645 남동구평생학습관 2층,37.446766,126.7327445,032-471-1388,032-471-1387,http://nd1388.or.kr
인천부평구청소년상담복지센터,인천광역시,부평구,21303,인천광역시 부평구 산청로 129 (청천동),2층,37.5137563,126.7016428,032-509-8910,032-509-8917,http://portal.icbp.go.kr/1388/
인천계양구청소년상담복지센터,인천광역시,계양구,21109,인천광역시 계양구 봉오대로600번길 20 (효성동),"2층, 계양구청소년상담복지센터",37.5286744,126.7152179,032-547-0856,032-547-0857,https://www.gyeyang1388.or.kr:50041/
인천서구청소년상담복지센터,인천광역시,서구,22819,인천광역시 서구,원적로 7번길 12 가좌청소년센터 2층,37.4880397,126.6786966,032-584-1388,032-584-1389,https://www.sg1388.or.kr
인천강화군청소년상담복지센터,인천광역시,강화군,23033,인천광역시 강화군,"강화읍 향나무길 22번길 30-1, 2층",37.7474503,126.4763123,032-933-1388,032-930-3838,https://ghycw.ganghwa.go.kr/main
광주광역시청소년상담복지센터,광주광역시,서구,62024,광주광역시 서구 학생독립로 37 (화정동),", D동 3층",35.1410307,126.8676647,062-232-2000,062-232-2003,http://www.gj1388.co.kr
광주동구청소년상담복지센터,광주광역시,동구,61482,광주광역시 동구,금남로 246 광주 YMCA 3층,35.1478138,126.9182577,062-229-3308,062-229-3309,http://www.dg1388.com/
광주서구청소년상담복지센터,광주광역시,서구,61966,광주광역시 서구 상무오월로 23 (쌍촌동),3층,35.1556237,126.862787,062-375-1388,062-369-1389,http://www.happy1388.com/html/
광주남구청소년상담복지센터,광주광역시,남구,61727,광주광역시 남구,"서문대로 693, 1층 남구청소년상담복지센터",35.1211973,126.8984146,062-675-1388,062-674-1388,http://www.1388namgu.or.kr/
광주북구청소년상담복지센터,광주광역시,북구,61132,광주광역시 북구,"대천로 86, 북구청소년수련관 1층 (문흥동 1009-1)",35.184927,126.9168028,062-268-1388,062-264-1388,http://www.ok1388.kr/main/
광주광산구청소년상담복지센터,광주광역시,광산구,62363,광주광역시 광산구,무진대로 246-7 2층,35.1606602,126.8076167,062-951-1380,062-955-9105,http://www.gsg1388.or.kr/
대전광역시청소년상담복지센터,대전광역시,동구,34630,대전광역시 동구 대전천동로 508 (원동),", 대전 청소년위캔센터 6층",36.3269829,127.4328557,042-257-2000,042-257-2077,https://dj1388.or.kr:51638/html/
대전서구청소년상담복지센터,대전광역시,서구,35334,대전광역시 서구,"월평로 71, 3층",36.3563416,127.365169,042-527-3112,042-537-9111,http://www.sgy1388.or.kr
대전유성구청소년상담복지센터,대전광역시,유성구,34097,대전광역시 유성구,북유성대로 158 유성구청소년수련관 3층,36.3807084,127.3236891,042-862-7942,042-825-7943,https://1318.happy-you.kr/
울산광역시청소년상담복지센터,울산광역시,중구,44532,"울산광역시 중구 강북로 105 (성남동, 롯데캐슬 스카이)",", 상가동 2층",35.5531105,129.3213424,052-227-2000,052-211-2979,http://www.counteen.or.kr/
울산남구청소년상담복지센터,울산광역시,남구,44692,울산광역시 남구,돋질로106 마이코즈건물 3층,35.5390443,129.3173034,052-291-1388,052-292-1388,https://www.ulsannamgu.go.kr/1388/cmm/main/NABI.do
울산동구청소년상담복지센터,울산광역시,동구,44070,울산광역시 동구 대학길 59 (화정동),3층,35.4989653,129.4211914,052-233-5279,052-233-1435,http://www.friend5279.or.kr/
울산북구청소년상담복지센터,울산광역시,북구,44224,울산광역시 북구,제내1길 6 복음빌딩 4층,35.6314559,129.3517668,052-283-1388,052-283-1391,https://www.bukgu1388.or.kr/
울산울주군청소년상담복지센터,울산광역시,울주군,45001,울산광역시 울주군 온산읍 덕신로 299,(6층),35.4344113,129.3141028,052-263-1388,052-229-9639,https://www.uljusiseol.or.kr/ulju1388/
울산울주군중부청소년상담복지센터,울산광역시,울주군,44920,울산광역시 울주군,범서읍 구영로 101-20 울주중부청소년수련관 내 3층,35.5749163,129.2441789,052-263-1388,052-229-9659,https://www.uljusiseol.or.kr/ulju1388/
세종특별자치시청소년상담복지센터,세종특별자치시,비어있음,30024,세종특별자치시 조치원읍 새내로 108,", 세종조치원금융센터 2층",36.6015988,127.298402,044-867-2000,044-867-2001,https://sj1388.or.kr/
경기도청소년상담복지센터,경기도,수원시 장안구,16305,경기도 수원시 장안구 송원로 55 (송죽동),", 경기도지방행정동우회관 1, 2층",37.3003179,127.0080296,031-248-1318,031-247-2319,https://www.hi1318.or.kr
수원시청소년상담복지센터,경기도,수원시 팔달구,16486,경기도 수원시 팔달구,권광로 293 수원시청소년재단 희망등대센터 3층,37.2739149,127.0348803,031-218-0444,031-218-0449,http://www.syf.or.kr
성남시청소년상담복지센터,경기도,성남시 중원구,13438,경기도 성남시 중원구,"성남대로997번길 7, 4층(금담빌딩)",37.4185544,127.1277795,031-729-9100,031-756-8626,https://www.snyouth.or.kr/fmcs/879
의정부시청소년상담복지센터,경기도,의정부시,11622,경기도 의정부시,의정로 27 청소년수련관 3층,37.7351202,127.0340886,031-872-1388,031-828-9574,https://www.uiyouth.or.kr/welfare/main/main.ui
안양시청소년상담복지센터,경기도,안양시 만안구,13997,경기도 안양시 만안구,안양로 263번길 31,37.3952374,126.9220464,031-446-0242,031-446-0243,https://www.ayf.or.kr/1388/index.do
부천시청소년상담복지센터,경기도,부천시,14596,경기도 부천시,원미구 장말로 107 복사골문화센터 301호,37.4947045,126.7542809,032-325-3002,032-325-1015,https://www.bwyf.or.kr/mindclick/index.do
광명시청소년상담복지센터,경기도,광명시,14241,경기도 광명시,디지털로 34 1호동 1층,37.4734499,126.8710804,02-809-2000,02-809-2085,https://gmyouth.or.kr/gm1388/index.do
평택시청소년상담복지센터,경기도,평택시,17903,경기도 평택시,평남로 616 청소년문화센터 4층,36.988595,127.1082917,031-656-1383,비어있음,http://www.pt1318.co.kr/
동두천시청소년상담복지센터,경기도,동두천시,11325,경기도 동두천시 동두천로 314 (생연동),동두천 복합문화커뮤니티센터 3층,37.9096713,127.0565209,031-861-1388,031-862-0784,http://1388.tistory.com
안산시청소년상담복지센터,경기도,안산시 단원구,15387,경기도 안산시 단원구 원초로 76 (초지동),4층,37.3262297,126.8059413,031-414-1318,031-486-0944,https://www.aycc.org/
고양시청소년상담복지센터,경기도,고양시,10512,경기도 고양시,덕양구 중앙로 633번길 25 토당청소년수련관 2층,37.6271908,126.8299752,031-995-4269,031-995-4278,https://www.gcyf.or.kr/sb/
과천시청소년상담복지센터,경기도,과천시,13828,경기도 과천시,참마을로 9 과천시청소년수련관 1층,37.426497,127.000666,02-502-1318,02-502-1330,https://www.gc1318.or.kr/
구리시청소년상담복지센터,경기도,구리시,11922,경기도 구리시,건원대로 34번길 32-10 구리시청소년수련관 3층,37.6037554,127.1417858,031-557-2000,031-568-6352,https://www.guriyouth.go.kr/1388/131
남양주시청소년상담복지센터,경기도,남양주시,12244,경기도 남양주시,다산지금로 51-47 남양주시청소년수련과 2층,37.6088887,127.1782826,031-590-8403,031-590-8099,https://www.nyj.go.kr/youth/nyj1388/134
오산시청소년상담복지센터,경기도,오산시,18136,경기도 오산시,오산로 278번길 3 2층 (오산동),37.1519165,127.0688799,031-372-4004,031-373-7740,https://www.osan1318.or.kr/1318/main.do
시흥시청소년상담복지센터,경기도,시흥시,14914,경기도 시흥시,은행로 179 시흥시청소년수련관 별관 1층,37.4460958,126.797121,031-318-7100,031-318-7102,https://www.shyouth.or.kr/schs/main/view
시흥시정왕청소년상담복지센터,경기도,시흥시,15049,경기도 시흥시 오동마을로 33 (정왕동),3층,37.3522887,126.7452813,031-318-7101,031-509-4314,https://www.shyouth.or.kr/schs/main/view
군포시청소년상담복지센터,경기도,군포시,15823,경기도 군포시 수리산로 112 (산본동),슬기관 2층 군포시청소년상담복지센터,37.3589611,126.9187185,031-398-1277,031-395-1452,https://www.gpyf.or.kr/gpsp/index.do
의왕시청소년상담복지센터,경기도,의왕시,16077,경기도 의왕시,"안양판교로 82, 포일어울림센터 2층",37.3959786,126.9825839,031-345-4530,031-345-4536,https://www.uyf.or.kr/uw1388/388
하남시청소년상담복지센터,경기도,하남시,12919,경기도 하남시,조정대로111(풍산동) 하남시청소년수련관 2층,37.5533039,127.1904675,031-790-6680,031-790-6682,https://www.hanam.go.kr/www/contents.do?key=5940
용인시청소년상담복지센터,경기도,용인시 처인구,17019,경기도 용인시 처인구,중부대로 1199 청소년수련관 4층,37.2408414,127.1775117,031-324-9300,031-322-9303,https://www.yiyf.or.kr/yongin1318/index.do
파주시청소년상담복지센터,경기도,파주시,10894,경기도 파주시,와석순환로 415 운정행복센터 6층,37.724233,126.7512977,031-540-5300,031-946-1318,https://www.pcy.or.kr/sd/main.php
이천시청소년상담복지센터,경기도,이천시,17380,경기도 이천시 이섭대천로 1119 (증일동),1층 이천시청소년상담복지센터,37.2703483,127.4453972,031-8011-3120,031-8011-3006,http://www.icfyouth.or.kr/
안성시청소년상담복지센터,경기도,안성시,17591,경기도 안성시 장기로 107 (낙원동),4층,37.0043557,127.2745067,031-676-1318,031-676-1319,https://www.an1318.or.kr/
김포시청소년상담복지센터,경기도,김포시,10099,경기도 김포시,걸포로 76 중봉청소년수련관 2층,37.637468,126.7041174,031-980-1681,031-980-1685,https://www.fgy.or.kr/ssac1388
화성시청소년상담복지센터,경기도,화성시,18372,경기도 화성시 태안로 145 (병점동),유앤아이센터 2층 화성시청소년상담복지센터,37.2029904,127.0331438,031-225-1318,031-224-8774,https://www.mars1318.or.kr/
광주시청소년상담복지센터,경기도,광주시,12779,경기도 광주시,회안대로 350-17 청소년수련관 3층,37.385385,127.2358851,031-762-2219,031-763-7633,http://www.ggj1388.or.kr/
양주시청소년상담복지센터,경기도,양주시,11469,경기도 양주시,옥정서로254 옥정3단지 내 행복플러스어린이집 2층,37.835137,127.087755,031-858-1318,031-858-1007,https://www.yangju.go.kr/yj1318/index.do
포천시청소년상담복지센터,경기도,포천시,11184,경기도 포천시 소흘읍 호국로523번길 59-56,포천시청소년재단 2층,37.821597,127.1288879,031-533-1318,070-4142-1830,https://www.pocheon.go.kr/welfare/contents.do?key=7545
여주시청소년상담복지센터,경기도,여주시,12623,경기도 여주시,청심로 88 3층,37.299599,127.6301828,031-882-8889,050-882-9191,https://www.yeoju.go.kr/youth/index.do
연천군청소년상담복지센터,경기도,연천군,11026,경기도 연천군,전곡읍 전영로 11 연천군종합복지관 2층,38.0303581,127.0670722,031-832-4452,031-832-8167,비어있음
가평군청소년상담복지센터,경기도,가평군,12452,경기도 가평군,"청평면 은고개로 39, 1층 가평군청소년상담복지센터",37.7391022,127.4241517,031-582-2000,031-582-8835,https://gp1388.or.kr/
양평군청소년상담복지센터,경기도,양평군,12556,경기도 양평군,중앙로 33-1 양평청소년문화의집 3층,37.5091929,127.5132608,031-775-1318,031-770-2808,http://www.yp1388.co.kr/
강원특별자치도청소년상담복지센터,강원특별자치도,춘천시,24270,강원특별자치도 춘천시 중앙로 14 (요선동),비어있음,37.8817487,127.727536,033-256-2000,033-241-8181,http://www.gycc.org/
춘천시청소년상담복지센터,강원특별자치도,춘천시,24400,강원특별자치도 춘천시 동내면 외솔길19번길 45,비어있음,37.8577659,127.7547179,033-818-1389,070-4009-2491,http://8181388.co.kr
원주시청소년상담복지센터,강원특별자치도,원주시,26475,강원특별자치도 원주시 서원대로 234 (단계동),원주시청소년수련관 이음관 3층,37.34063,127.9357388,033-744-1388,033-745-1505,http://www.wonju1388.kr/
강릉시청소년상담복지센터,강원특별자치도,강릉시,25474,강원특별자치도 강릉시 종합운동장길 72-21 (교동),강릉시청소년수련관 2층,37.7721012,128.8936385,033-655-1388,033-641-5681,https://www.gn1388.or.kr/
동해시청소년상담복지센터,강원특별자치도,동해시,25735,강원특별자치도 동해시 부곡1길 6 (부곡동),비어있음,37.5367765,129.1049549,033-539-8174,033-530-2716,https://www.dh.go.kr/dhyc/contents.do?key=1812
태백시청소년상담복지센터,강원특별자치도,태백시,26044,강원특별자치도 태백시 태백로 1663 (문곡동),비어있음,37.1205516,128.9914767,033-582-1377,033-582-1376,http://www.tb1388.kr/
속초시청소년상담복지센터,강원특별자치도,속초시,24867,강원특별자치도 속초시 관광로 377 (노학동),비어있음,38.1932172,128.5378623,033-638-1388,033-635-0741,https://www.sokcho1388.org/
삼척시청소년상담복지센터,강원특별자치도,삼척시,25919,강원특별자치도 삼척시 엑스포로 50-1 (성남동),3층,37.4392881,129.157392,033-575-5002,033-575-5001,http://scc1388.co.kr/
홍천군청소년상담복지센터,강원특별자치도,홍천군,25131,강원특별자치도 홍천군 홍천읍 산림공원2길 31,청소년수련관 2층,37.6898537,127.8953372,033-433-1386,033-435-1388,http://hcyc1388.org/
횡성군청소년상담복지센터,강원특별자치도,횡성군,25236,강원특별자치도 횡성군 횡성읍 문예로 75,청소년수련관 1층,37.4892291,127.975833,033-344-1388,033-340-2595,https://hsg1388.modoo.at/
영월군청소년상담복지센터,강원특별자치도,영월군,26237,강원특별자치도 영월군 영월읍 제방안길 100,영월군청소년수련관 2층 영월군청소년상담복지센터,37.1760424,128.4616927,033-375-1328,033-375-1338,https://www.kyw1318.or.kr/
평창군청소년상담복지센터,강원특별자치도,평창군,25377,강원특별자치도 평창군 평창읍 종부로 61,(3층),37.3606986,128.3890026,033-335-0924,033-332-1318,http://www.pc1388.or.kr/
정선군청소년상담복지센터,강원특별자치도,정선군,26150,강원특별자치도 정선군 사북읍 사북6길 12-6,비어있음,37.2285423,128.8193166,033-591-1311,033-591-1310,http://ycwc.jsyouth.or.kr/
철원군청소년상담복지센터,강원특별자치도,철원군,24037,강원특별자치도 철원군 갈말읍 명성로179번길 26,철원군청소년상담복지센터,38.1479174,127.3044662,033-450-5622,033-450-5166,https://www.cwg.go.kr/youth/contents.do?key=924
충청북도청소년상담복지센터,충청북도,청주시 상당구,28545,충청북도 청주시 상당구 사직대로361번길 17 (영동),2층 (청소년상담복지센터),36.6376877,127.4870075,043-220-6826,043-258-3422,http://1388.cbyouth.net
청주시청소년상담복지센터,충청북도,청주시 상당구,28543,충청북도 청주시 상당구,중앙로 30 청하빌딩 5층,36.6397821,127.488997,043-223-0755,043-223-0757,http://www.cj1388.or.kr/
서청주청소년상담복지센터,충청북도,청주시 흥덕구,28436,충청북도 청주시 흥덕구,직지대로 351번길 56 청주시청소년수련관 3층,36.6472381,127.4322012,043-297-1388,043-297-1380,http://www.1388cw.or.kr/
충주시청소년상담복지센터,충청북도,충주시,27411,충청북도 충주시,중원대로 3324,36.9644929,127.9259958,043-856-7804,043-854-1388,http://www.chungstar.org/
제천시청소년상담복지센터,충청북도,제천시,27152,충청북도 제천시,의림대로264 비둘기상가A동 2층 206호,37.1512718,128.2161738,043-642-7949,043-642-7955,http://www.jc1318.or.kr/
보은군청소년상담복지센터,충청북도,보은군,28936,충청북도 보은군,보은읍 군청길 114,36.4873421,127.7286098,043-542-1388,043-542-0924,http://www.boeun1388.or.kr/
옥천군청소년상담복지센터,충청북도,옥천군,29040,충청북도 옥천군,옥천읍 동부로 39 청소년수련관 1층,36.3061023,127.5768215,043-731-1388,비어있음,https://www.oc.go.kr/youth
영동군청소년상담복지센터,충청북도,영동군,29149,충청북도 영동군 영동읍 성안길 8,청소년수련관2층,36.1763328,127.7714156,043-744-5700,043-744-5702,http://www.yd1388.or.kr/
증평군청소년상담복지센터,충청북도,증평군,27948,충청북도 증평군,증평읍 보건복지로 64-2,36.7737373,127.5846317,043-835-4189,043-835-4190,http://www.jp1388.or.kr/
진천군청소년상담복지센터,충청북도,진천군,27832,충청북도 진천군,진천읍 포석길 37-10 청소년수련관 4층,36.856791,127.4387014,043-536-3430,043-537-3430,https://www.jincheon.go.kr/youth/counsel/main.php
괴산군청소년상담복지센터,충청북도,괴산군,28035,충청북도 괴산군,괴산읍 읍내로6길 20-9,36.8098308,127.7921377,043-834-7943,043-834-7946,http://www.goesan1388.or.kr/
음성군청소년상담복지센터,충청북도,음성군,27697,충청북도 음성군 음성읍 문화1길 10-3,"설성어울림센터, 2층",36.9377036,127.6924933,043-873-1320,043-873-1319,http://www.es1388.or.kr/
단양군청소년상담복지센터,충청북도,단양군,27012,충청북도 단양군,단양읍 삼봉로 187-18 단양군청소년수련관 2층,36.9775423,128.3637495,043-421-8370,043-421-8375,https://www.danyang.go.kr/dy1388/1386
충청남도청소년상담복지센터,충청남도,천안시 서북구,31100,충청남도 천안시 서북구 서부대로 766 (두정동),", 진암빌딩 4층",36.8355872,127.1339652,041-554-2130,041-556-8704,https://www.cn.pass.or.kr/
천안시청소년상담복지센터,충청남도,천안시 동남구,31129,충청남도 천안시 동남구,은행길 15 4층 도시창조두드림센터,36.8080762,127.149478,041-622-1388,041-551-1318,https://cayf.or.kr/cycw/
공주시청소년상담복지센터,충청남도,공주시,32546,충청남도 공주시,대통 1길 69-1,36.4549978,127.1223083,041-856-1388,041-858-1319,https://www.1388gj.or.kr
보령시청소년상담복지센터,충청남도,보령시,33466,충청남도 보령시,문화원길 9 보령시청소년상담복지센터 1층,36.3501794,126.5992784,041-936-3893,041-935-1389,http://www.dongmuya.or.kr/center/s01.html
아산시청소년상담복지센터,충청남도,아산시,31513,충청남도 아산시,시장길 29 시민문화복지센터 303호,36.7832262,127.0043687,041-541-0039,041-541-0073,http://www.asanyouth.or.kr
서산시청소년상담복지센터,충청남도,서산시,31967,충청남도 서산시,서령로136 서산문화복지센터 청소년수련관 3층,36.7927537,126.4629218,041-669-2000,041-681-2000,http://www.haemaum.com/
논산시청소년상담복지센터,충청남도,논산시,32993,충청남도 논산시,논산대로 424 논산시청소년청년재단 1층,36.1974303,127.1060605,041-736-2041,041-736-2042,https://www.nsyouth.or.kr/kr/html/sub05/050101.html
계룡시청소년상담복지센터,충청남도,계룡시,32801,충청남도 계룡시 신도안면 송정길 174,2층,36.3210078,127.2294561,042-551-1318,042-841-0342,https://www.gryouth.or.kr/1388.do
당진시청소년상담복지센터,충청남도,당진시,31772,충청남도 당진시 무수동7길 142-26 (읍내동),2층,36.8931978,126.6415467,041-357-2000,041-357-2088,https://www.dangjin.go.kr/dj1388/sub01_00.do
금산군청소년상담복지센터,충청남도,금산군,32737,충청남도 금산군 금산읍 인삼로 17,1층,36.1042727,127.4840348,041-751-2007,041-754-1386,http://www.gs1388.or.kr/
부여군청소년상담복지센터,충청남도,부여군,33149,충청남도 부여군,부여읍 의열로 43,36.2791441,126.9172494,041-837-1388,041-834-9588,https://www.1388buyeo.or.kr/
서천군청소년상담복지센터,충청남도,서천군,33644,충청남도 서천군,서천읍 서천향교길 3 2층,36.0768016,126.6934268,041-953-4040,041-952-8765,http://www.sycw1388.co.kr/
청양군청소년상담복지센터,충청남도,청양군,33339,충청남도 청양군,청양읍 문화예술로 187-1,36.4561719,126.8005894,041-942-1388,041-940-1099,https://1388.청양군청소년재단.com/
홍성군청소년상담복지센터,충청남도,홍성군,32272,충청남도 홍성군 홍북읍 홍학로 48,가족어울림센터 4층,36.6461435,126.6763888,041-634-4858,041-634-4857,https://www.hsywf.or.kr
예산군청소년상담복지센터,충청남도,예산군,32423,충청남도 예산군 예산읍 벚꽃로 214-17,(2층),36.6992366,126.8402402,041-335-1388,041-335-5701,http://www.yesanyouth.or.kr/main_sub/sub.php?folder_idx=7&folder_page_idx=31
태안군청소년상담복지센터,충청남도,태안군,32140,충청남도 태안군,태안읍 백화로 199 청소년수련관 1층,36.7565923,126.3132958,041-674-2800,041-674-2803,http://www.happy1388.or.kr/
전북특별자치도청소년상담복지센터,전북특별자치도,전주시 덕진구,54935,전북특별자치도 전주시 덕진구 팔달로 346 (진북동),비어있음,35.8315242,127.1386841,063-274-1388,063-273-1413,https://jb1388.kr/
전주시청소년상담복지센터,전북특별자치도,전주시 완산구,55081,전북특별자치도 전주시 완산구,용머리로 94 3층,35.8059797,127.1203142,063-227-1005,063-236-1389,http://www.jjsangdam.or.kr/
군산시청소년상담복지센터,전북특별자치도,군산시,54121,전북특별자치도 군산시,동리2길 7,35.975121,126.7114004,063-468-2870,063-468-2872,http://www.gunsan0924.or.kr/
익산시청소년상담복지센터,전북특별자치도,익산시,54620,전북특별자치도 익산시,인북로187 상공회의소 5층,35.9456707,126.9554832,063-853-1388,063-856-1388,https://www.iksan.go.kr/1388/index.iksan
정읍시청소년상담복지센터,전북특별자치도,정읍시,56190,전북특별자치도 정읍시,상동중앙로14 청소년문화체육관 3층,35.5744196,126.8445259,063-536-1388,063-531-3003,https://www.jeongeup.go.kr/index.jeongeup?menuCd=DOM_000000103005005002
남원시청소년상담복지센터,전북특별자치도,남원시,55749,전북특별자치도 남원시,충정로 72 남원시청소년수련관 3층,35.413025,127.383873,063-633-1977,063-633-1955,http://www.nw1388.com
김제시청소년상담복지센터,전북특별자치도,김제시,54368,전북특별자치도 김제시,도작로 224-32,35.814647,126.9009673,063-545-0112,063-542-7773,https://www.gimje.go.kr/youth/index.gimje
완주군청소년상담복지센터,전북특별자치도,완주군,55340,전북특별자치도 완주군,삼례읍 삼봉로125 완주군청소년수련관 2층,35.9178874,127.082722,063-291-3303,063-291-5112,http://www.wanju1388.or.kr/
진안군청소년상담복지센터,전북특별자치도,진안군,55432,전북특별자치도 진안군,진안읍 진무로 1054-14 청소년수련관 3층,35.7882339,127.4264424,063-433-2377,063-433-0017,https://ja1388.com/
무주군청소년상담복지센터,전북특별자치도,무주군,55514,전북특별자치도 무주군 무주읍 한풍루로 326-34,3층 무주군청소년상담복지센터,36.0016191,127.6634204,063-324-6688,063-324-6680,https://cafe.daum.net/mj1388
장수군청소년상담복지센터,전북특별자치도,장수군,55617,전북특별자치도 장수군 장계면 방천길 15,논개골행복나눔터 2층,35.7298869,127.5899936,063-351-2000,063-351-4431,https://www.jangsu.go.kr/index.jangsu?menuCd=DOM_000000106007003003
임실군청소년상담복지센터,전북특별자치도,임실군,55927,전북특별자치도 임실군,임실읍 운수로 33-50 임실군청소년문화의집 2층,35.6142596,127.286511,063-640-3022,063-640-2128,https://cheongmoon.tistory.com/
순창군청소년상담복지센터,전북특별자치도,순창군,56047,전북특별자치도 순창군,순창읍 장류로 192 순창군청소년수련관 3층,35.3717627,127.1266261,063-652-1388,070-8220-3504,http://www.sc1388.or.kr/
고창군청소년상담복지센터,전북특별자치도,고창군,56431,전북특별자치도 고창군,고창읍 월곡뉴타운1길 11 커뮤니티센터 1층,35.4336787,126.7129,063-563-6793,063-563-6794,https://www.gochang.go.kr/index.gochang?menuCd=DOM_000000104001006000
부안군청소년상담복지센터,전북특별자치도,부안군,56308,전북특별자치도 부안군 부안읍 동중2길 15,상생협력센터 1층,35.7290114,126.7367055,063-580-4524,063-581-2446,https://www.buan.go.kr/index.buan?menuCd=DOM_000000104004005007
전라남도청소년상담복지센터,전라남도,목포시,58614,전라남도 목포시 용당로 304 (용해동),", 전라남도청소년미래재단 2F 청소년상담복지센터",34.7939827,126.3777079,061-280-9005,061-280-9090,https://counsel.jnyouth.or.kr/
목포시청소년상담복지센터,전라남도,목포시,58684,전라남도 목포시,"신흥로 83번길 14 복지동 2층(옥암동, 목련아파트)",34.806123,126.429029,061-272-2440,061-272-2547,https://www.mokpo.go.kr/youth
여수시청소년상담복지센터,전라남도,여수시,59761,전라남도 여수시,신월로 648 전남대학교 국동캠퍼스 협동관 1층,34.7285164,127.7171551,061-663-2000,061-662-4645,http://www.ys1388.or.kr/
순천시청소년상담복지센터,전라남도,순천시,57992,전라남도 순천시,명말 1길 57 3층,34.9421722,127.52144,061-749-4232,061-749-4710,www.sc1388dream.or.kr/
나주시청소년상담복지센터,전라남도,나주시,58326,전라남도 나주시 교육길 13 (빛가람동),D-5동 112호(스마트파크 지식산업센터),35.0202606,126.7799467,061-334-1388,061-333-1367,http://nj1388.or.kr/
광양시청소년상담복지센터,전라남도,광양시,57790,전라남도 광양시,광장로 14 청소년문화센터 2층,34.9374472,127.6907499,061-795-7008,061-794-5505,http://www.gy1388.or.kr
담양군청소년상담복지센터,전라남도,담양군,57344,전라남도 담양군,"담양읍 지침6길 29, 3층",35.3162792,126.9855744,061-381-9845,061-381-1389,http://www.dyy1388.or.kr/
곡성군청소년상담복지센터,전라남도,곡성군,57504,전라남도 곡성군,옥과면 리문5길 11-5 옥과청소년문화의집 5층,35.2751357,127.1367719,061-363-9586,061-884-8584,http://1388.gsyouth.kr/
구례군청소년상담복지센터,전라남도,구례군,57636,전라남도 구례군 구례읍 구례로 508,(2층),35.2064611,127.4701719,061-782-0882,061-782-0883,http://www.gr1388.kr/
고흥군청소년상담복지센터,전라남도,고흥군,59535,전라남도 고흥군 고흥읍 고흥로 1793,청소년문화의 집 2층 청소년상담복지센터,34.6099311,127.2890046,061-830-6652,061-834-1319,https://cafe.daum.net/HI1388
보성군청소년상담복지센터,전라남도,보성군,59453,전라남도 보성군,보성읍 송재로 281-7 2층,34.7780181,127.08839,061-853-1388,061-853-1385,www.bs1388.co.kr
화순군청소년상담복지센터,전라남도,화순군,58120,전라남도 화순군 화순읍 쌍충로 118-4,(3층),35.0621483,126.9808158,061-375-7444,061-375-7441,http://www.hs1388.or.kr/
장흥군청소년상담복지센터,전라남도,장흥군,59327,전라남도 장흥군,장흥읍 흥성로37-23 2층,34.6753261,126.9065244,061-863-1318,061-863-1399,http://www.jh1388.or.kr
강진군청소년상담복지센터,전라남도,강진군,59226,전라남도 강진군,강진읍 청렴길 1 청소년수련관 3층,34.6458109,126.7690183,061-432-1388,061-433-1386,http://www.gjyouth.co.kr/
해남군청소년상담복지센터,전라남도,해남군,59028,전라남도 해남군,해남읍 수성2길 9 2층,34.5727165,126.6016649,061-537-1318,061-535-1317,http://www.hyouth1388.co.kr/
영암군청소년상담복지센터,전라남도,영암군,58418,전라남도 영암군,"영암로 1511, 영암군청소년센터",34.7945132,126.6957593,061-470-1004,061-470-2582,https://www.yeongam.go.kr/home/youth/consult/yeongam.go
무안군청소년상담복지센터,전라남도,무안군,58528,전라남도 무안군 무안읍 면성1길 130,(4층) 무안군청소년상담복지센터,34.9898334,126.4756101,061-450-5530,061-450-5122,https://www.muan.go.kr/www/information/welfare/child/youth_counsel
함평군청소년상담복지센터,전라남도,함평군,57149,전라남도 함평군 함평읍 중앙길 212,함평군청소년상담복지센터,35.065579,126.5165957,061-323-9995,061-324-9996,http://www.nownow1388.or.kr
영광군청소년상담복지센터,전라남도,영광군,57047,전라남도 영광군,"영광읍 중앙로 3길 6-10,영광군청소년문화센터 2층",35.2726128,126.5122889,061-353-9188,061-352-1389,https://www.yg1388.or.kr/
장성군청소년상담복지센터,전라남도,장성군,57220,전라남도 장성군 장성읍 역전로 199-10,3층,35.3011112,126.7827769,061-393-1388,061-394-7179,http://www.js1388.or.kr/
완도군청소년상담복지센터,전라남도,완도군,59115,전라남도 완도군,완도읍 개포로 159번길 41 2층,34.3227953,126.7432807,061-555-1318,061-555-4201,http://wd1388.or.kr/
진도군청소년상담복지센터,전라남도,진도군,58926,전라남도 진도군 진도읍 진도대로 7213,3층 진도군청소년상담복지센터,34.4722098,126.2519478,061-540-3181,061-544-5102,http://cafe.naver.com/jindo1388
신안군청소년상담복지센터,전라남도,신안군,58824,전라남도 신안군,압해읍 876-22 신안군가족센터 1층,34.8660733,126.3126144,061-240-8701,061-240-8780,http://www.shinan1388.com/
경상북도청소년상담복지센터,경상북도,안동시,36708,경상북도 안동시 축제장길 20 (옥야동),비어있음,36.5588598,128.7220062,054-850-1000,054-853-3014,https://gb1388.or.kr:9027/
포항시청소년상담복지센터,경상북도,포항시 북구,37601,경상북도 포항시 북구,삼호로 533 청소년수련관 2층,36.0753845,129.396178,054-240-9140,054-251-1388,http://www.phyf.or.kr
경주시청소년상담복지센터,경상북도,경주시,38088,경상북도 경주시,알천북로 131,35.8548859,129.2157627,054-760-7743,054-742-1387,http://youth.gyeongju.go.kr/index.jsp
김천시청소년상담복지센터,경상북도,김천시,39518,경상북도 김천시,문당길 142 김천시청소년문화의집 3층,36.1445059,128.0936082,054-431-2009,054-431-2029,https://www.gc.go.kr/gcyouth/support/main.tc
안동시청소년상담복지센터,경상북도,안동시,36708,경상북도 안동시,축제장길 42번지 안동시청소년수련관 2층,36.5590392,128.7225844,054-841-7933,054-841-7932,https://ad1318.or.kr/
구미시청소년상담복지센터,경상북도,구미시,39221,경상북도 구미시,구미중앙로 11길 13,36.1304763,128.3307035,054-472-2000,054-443-1390,http://www.youthcoc.org/
영주시청소년상담복지센터,경상북도,영주시,36073,경상북도 영주시,광복로 63,36.8279925,128.6254179,054-639-5865,054-634-1319,http://yj1318.or.kr
영천시청소년상담복지센터,경상북도,영천시,38844,경상북도 영천시,운동장로 92 청소년수련관 2층,35.9703791,128.9222177,054-338-2000,054-338-7942,https://www.yc.go.kr/depart/contents.do?mId=0605000000
상주시청소년상담복지센터,경상북도,상주시,37195,경상북도 상주시,왕산로 219-11번지 2층,36.4151689,128.1622466,054-535-3511,054-534-3514,http://www.sj7942.org/
문경시청소년상담복지센터,경상북도,문경시,36949,경상북도 문경시,중앙로50 문경시의회 후관 문경시드림스타트 3층,36.5900898,128.1964372,054-556-3000,054-550-6660,https://www.gbmg.go.kr/portalsub/teen1318/main.do
경산시청소년상담복지센터,경상북도,경산시,38627,경상북도 경산시,경산로 159-5 3층,35.8224814,128.7271384,053-819-6400,053-819-6499,http://gbgs.go.kr/special/young/index.do
군위군청소년상담복지센터,대구광역시,군위군,43113,대구광역시 군위군 군위읍 군청로 158,군위국민체육센터 3층,36.2371248,128.573857,054-382-1388,054-382-1988,https://www.gunwi.go.kr/ko/page.do?mnu_uid=269&
의성군청소년상담복지센터,경상북도,의성군,37331,경상북도 의성군,의성읍 충효로 68,36.3547357,128.7046491,054-830-6947,054-834-7833,https://www.usc.go.kr/counselyouth/main.do
청송군청소년상담복지센터,경상북도,청송군,37433,경상북도 청송군,청송읍 복지타운길77 청소년상담복지센터(2층),36.4298575,129.0590862,054-870-6696,054-874-4003,https://www.youth1388.or.kr/
영양군청소년상담복지센터,경상북도,영양군,36540,경상북도 영양군,경북 영양군 영양읍 동서대로 92,36.6614086,129.1185941,054-683-1388,054-683-1386,https://www.yyg.go.kr/youth/yyg1388
영덕군청소년상담복지센터,경상북도,영덕군,36427,경상북도 영덕군,영덕읍 강변길 324,36.4201786,129.3619555,054-730-7370,054-730-6449,https://ydyouth1388.modoo.at/
청도군청소년상담복지센터,경상북도,청도군,38333,경상북도 청도군 화양읍 청려로 1846,(3층),35.6487792,128.7174013,054-373-1610,054-373-1633,http://cd1388.or.kr/
고령군청소년상담복지센터,경상북도,고령군,40138,경상북도 고령군,대가야읍 왕릉로 30 대가야문화누리 3층,35.7236132,128.2631486,054-956-1383,054-956-1305,https://www.goryeong.go.kr/art/contents.do?IDX=138
성주군청소년상담복지센터,경상북도,성주군,40031,경상북도 성주군,성주읍 성주순환로 271-9,35.9194648,128.2932092,054-931-1397,054-931-1399,https://sj.go.kr/page.do?mnu_uid=1287&
칠곡군청소년상담복지센터,경상북도,칠곡군,39885,경상북도 칠곡군,왜관읍 2번도로길 83 3층,35.9950547,128.3971782,054-971-0419,054-971-0449,https://www.chilgok.go.kr/portal/contents.do?mId=0907070000
예천군청소년상담복지센터,경상북도,예천군,36849,경상북도 예천군 호명면 봉호로 4040,(3층),36.5922788,128.4687065,054-654-9901,054-654-9902,https://cafe.daum.net/yc2012
봉화군청소년상담복지센터,경상북도,봉화군,36238,경상북도 봉화군,봉화읍 내성로1길 17-20 봉화군청소년센터 2층,36.8875388,128.7399579,054-673-1231,054-673-1241,http://bhw1318.or.kr/web/
울진군청소년상담복지센터,경상북도,울진군,36324,경상북도 울진군,울진읍 대나리항길 2 울진군청소년수련관 2층,36.9972141,129.4094007,054-783-8284,054-789-5434,http://www.uljin.go.kr/young/index.uljin?menuCd=DOM_000001502000000000
경상남도청소년상담복지센터,경상남도,창원시 의창구,51138,경상남도 창원시 의창구 사림로45번길 59 (사림동),", 경남대표도서관 청소년관 3층, 4층",35.249278,128.682592,055-711-1388,055-711-1398,http://gn1388.gnyouth.net/
창원시창원청소년상담복지센터,경상남도,창원시 성산구,51412,경상남도 창원시 성산구,두대로97 3층 청소년상담복지센터,35.22993,128.654513,055-225-3901,055-273-2012,https://www.changwon.go.kr/cwportal/depart/11067/14051/14053.web
창원시마산청소년상담복지센터,경상남도,창원시 마산회원구,51358,경상남도 창원시 마산회원구,"팔용로128, 우리누리청소년문화센터 별관2층",35.2401986,128.591931,055-245-7941,055-245-7941,https://www.changwon.go.kr/cwportal/depart/11067/14051/14053.web
창원시진해청소년상담복지센터,경상남도,창원시 진해구,51629,경상남도 창원시 진해구,진해대로 1101 진해종합사회복지관 202호,35.1341949,128.710644,055-225-6812,055-547-5513,https://www.changwon.go.kr/cwportal/depart/11067/14051/14053.web
진주시청소년상담복지센터,경상남도,진주시,52686,경상남도 진주시,북장대로 6번길 9 (인사동) 1층,35.1911333,128.0760704,055-749-6222,055-744-8485,https://www.jinju.go.kr/00134/00614/06444.web
통영시청소년상담복지센터,경상남도,통영시,53040,경상남도 통영시 해미당1길 33 (무전동),5층,34.8562154,128.4306853,055-644-2000,055-648-7130,http://www.tycoun.or.kr/ht_ml/main/
사천시청소년상담복지센터,경상남도,사천시,52561,경상남도 사천시,문선4길 23 청소년수련관 3층,34.9353961,128.0825915,055-832-7942,055-832-7959,https://youthsacheon.com/consulting_main.html
김해시청소년상담복지센터,경상남도,김해시,50912,경상남도 김해시,가락로 176번길 3,35.2421244,128.8784256,055-330-4635,055-328-6743,https://www.gimhae.go.kr/00976/01477/01479.web
김해시서부청소년상담복지센터,경상남도,김해시,51016,경상남도 김해시,율하2로 210 김해시서부문화센터 2층,35.1726125,128.820823,055-340-7181,055-311-5283,https://www.gimhae.go.kr/00976/01477/01479.web
밀양시청소년상담복지센터,경상남도,밀양시,50436,경상남도 밀양시,"삼문송림길 26, 밀양시청소년수련관 2층",35.4883177,128.7572739,055-352-7942,055-352-7946,http://www.miryang1388.kr
거제시청소년상담복지센터,경상남도,거제시,53246,경상남도 거제시,"중곡로 46, 고현청소년문화의 집 2층",34.8968417,128.630281,055-639-4981,055-639-4769,https://www.geoje.go.kr/youthplatform/consulting_main.html
양산시청소년상담복지센터,경상남도,양산시,50620,경상남도 양산시 양주3길 36 (중부동),청소년회관 2층,35.342479,129.0330366,055-372-2000,055-392-2539,http://www.yangsan.go.kr/teen/main.do
의령군청소년상담복지센터,경상남도,의령군,52151,경상남도 의령군,의령읍 의령대로 1577-25,35.3161673,128.2527569,055-572-2000,비어있음,비어있음
함안군청소년상담복지센터,경상남도,함안군,52046,경상남도 함안군,가야읍 말산 1길 10 청소년수련관 2층,35.2738154,128.4096768,055-583-0924,055-583-0923,http://www.haman1388.or.kr
창녕군청소년상담복지센터,경상남도,창녕군,50332,경상남도 창녕군,창녕읍 화왕산1로 46 5층,35.5372172,128.5006022,055-533-4288,055-533-8677,https://www.cng.go.kr/00598/00871/01075.web
고성군청소년상담복지센터,경상남도,고성군,52932,경상남도 고성군,고성읍 성내로61 고성군청소년상담복지센터 3층,34.976781,128.3163106,055-673-7942,055-673-2926,http://gsyon.or.kr/biz/welfare.php
남해군청소년상담복지센터,경상남도,남해군,52419,경상남도 남해군,남해읍 망운로 32 종합사회복지관 3층,34.8383528,127.8904626,055-860-3885,비어있음,https://www.namhae.go.kr/depart/Index.do?c=DE0109050101&pageCd=DE0109050100&siteGubun=depart
하동군청소년상담복지센터,경상남도,하동군,52326,경상남도 하동군 하동읍 중앙로 72,3층 청소년상담복지센터,35.0719152,127.7452895,055-880-6039,055-883-7554,https://www.hadong.go.kr/specialty/00214/00343.web
산청군청소년상담복지센터,경상남도,산청군,52226,경상남도 산청군,산청읍 웅석봉로 92 산청군청소년수련관 2층,35.4092,127.8737481,055-970-6591,055-970-6889,https://www.sancheong.go.kr/www/contents.do?key=228
함양군청소년상담복지센터,경상남도,함양군,50046,경상남도 함양군 함양읍 용평4길 13,(4층),35.5176431,127.7282432,055-960-5157,055-963-7934,https://www.hygn.go.kr/01659/01671/01750.web
거창군청소년상담복지센터,경상남도,거창군,50130,경상남도 거창군,거창읍 교촌길 100-30 거창군청소년수련관 3층,35.6922478,127.9060919,055-941-2000,055-940-3968,http://www.geochang.go.kr/youth/Index.do?c=YU0401000000
합천군청소년상담복지센터,경상남도,합천군,50231,경상남도 합천군,합천읍 옥산로 96-5 3층,35.5674864,128.1661701,055-930-3911,055-930-4289,http://www.hc.go.kr/05750/05766/05803.web
제주특별자치도청소년상담복지센터,제주특별자치도,제주시,63222,제주특별자치도 제주시 구남로7길 4 (이도이동),", 2층",33.4936739,126.5326513,064-759-9951,064-759-9953,https://jeju1388.or.kr/
서귀포시청소년상담복지센터,제주특별자치도,서귀포시,63590,제주특별자치도 서귀포시,일주동로 8643 3층,33.2537646,126.564945,064-763-9190,064-763-9192,http://www.seogwipo.go.kr/youths/counseling/index.htm
제주시청소년상담복지센터,제주특별자치도,제주시,63096,제주특별자치도 제주시 월랑북길 38 (노형동),5층,33.492745,126.4773821,064-725-7999,064-725-4799,http://www.제주시1388.한국
